primer (F:forward; R:Reverse),5' to 3',Position,Reverse Complement,Mutation related
1F,ATTAAAGGTTTATACCTTCCCAGG,1-24,,
2F,CCAACCAACTTTCGATCTCTTGTA,33-55,,
3F,TACGATCAATTTTCTCCCGCACTC,1896-1919,,
4F,CTGCTCAAAATTCTGTGCGTGTTT,1926-1949,,1947
5F,GTTAAGCCATTTATAACTGAAAGT,3896-3919,,
6F,TCAGTTGAACAGAGAAAACAAGAT,3926-3949,,
7F,AAAACCAGTTACTTATAAATTGGA,5896-5919,,
8F,TGTTTGTACAGAAATTGACCCTAA,5926-5949,,
9F,ATGGTAAATCAAAATGTGAAGAAT,7896-7919,,
10F,CAAAATCAGCGTCTGTTTACTACA,7926-7949,,
11F,TATAATAAGTACAAGTATTTTAGT,9896-9919,,
12F,ATGGATACAACTAGCTACAGAGAA,9926-9949,,
13F,ACAACTCAGAGTAGAATCATCATC,11890-11919,,
14F,GTGGGCTCAATGTGTCCAGTTACA,11926-11949,,
15F,TGATGATGATTATTTCAATAAAAA,13896-13919,,
16F,GTATGATTTTGTAGAAAACCCAGA,13926-13949,,
17F,TAGTTAAACAGGGTGATGATTATG,15896-15919,,
18F,TTCCTTACCCAGATCCATCAAGAA,15926-15949,,
19F,CACTCTTGTAATGTAAACAGATTT,17896-17919,,
20F,GCTATTACCAGAGCAAAAGTAGGC,17926-17949,,
21F,TCCAGCACATATATCTACTATTGG,19896-19919,,
22F,TTCTATGACTGACATAGCCAAGAA,19926-19949,,
23F,TCGAAGACCCAGTCCCTACTTATT,21896-21919,,
24F,AACGCTACTAATGTTGTTATTAAA,21926-21949,,
25F,CCAAGAAGTTTTTGCACAAGTCAA,23896-23919,,
26F,TTACAAAACACCACCAATTAAAGA,23926-23949,,
27F,CATTACTTCAGGTGATGGCACAAC,25896-25919,,
28F,TATTTCTGAACATGACTACCAGAT,25920-25949,,
29F,GAAATTTCTTGTTTTCTTAGGAAT,27896-27919,,
30F,AACTGTAGCTGCATTTCACCAAGA,27926-27949,,
1R,CACCTGTAATGTAGGCCATTACAA,2052-2075,TTGTAATGGCCTACATTACAGGTG,
2R,TTAGCCACTGCGAAGTCAACTGAA,2082-2105,TTCAGTTGACTTCGCAGTGGCTAA,
3R,AAGAGTGGCAGAATCTGGATGAAG,4052-4075,CTTCATCCAGATTCTGCCACTCTT,
4R,CTTTAAGAAAGTGATGTCAATGTC,4082-4105,GACATTGACATCACTTTCTTAAAG,
5R,AATTTGATATTATCACATACAAAC,6052-6075,GTTTGTATGTGATAATATCAAATT,
6R,TAACCAGTTAACTGGTTTAAATCA,6082-6105,TGATTTAAACCAGTTAACTGGTTA,
7R,CGTTAAAAGTTGATGAAAACGTAT,8052-8075,ATACGTTTTCATCAACTTTTAACG,
8R,CAACTAGTGTTTTGAGTTTTTCCA,8082-8105,TGGAAAAACTCAAAACACTAGTTG,
9R,TGCCATTTTTCTAAAACCACTCTG,10052-10075,CAGAGTGGTTTTAGAAAAATGGCA,
10R,CATACAACCCTCAACTTTACCAGA,10082-10105,TCTGGTAAAGTTGAGGGTTGTATG,
11R,TTGTCCAGCATTTCTTCACAAAGC,12052-12075,GCTTTGTGAAGAAATGCTGGACAA,
12R,TCTGAGGCTATAGCTTGTAAGGTT,12082-12105,AACCTTACAAGCTATAGCCTCAGA,
13R,AGATCTTGATTATCTAATGTCAGT,14052-14075,ACTGACATTAGATAATCAAGATCT,
14R,AAATCACCGAAATCATACCAGTTA,14082-14105,TAACTGGTATGATTTCGGTGATTT,
15R,CAGCATACTCCTGATTAGGATGTT,16052-16075,AACATCCTAATCAGGAGTATGCTG,
16R,TTATGTATTGTAAGTACAAATGAA,16082-16105,TTCATTTGTACTTACAATACATAA,
17R,ACTACAATCTTTAAAGAGTCCTGT,18052-18075,ACAGGACTCTTTAAAGATTGTAGT,
18R,CTGTGTAGGATGTAACCCAGTGAT,18082-18105,ATCACTGGGTTACATCCTACACAG,18100
19R,TGTAAACCTTTAACACTACCTTCT,20052-20075,AGAAGGTAGTGTTAAAGGTTTACA,
20R,AGACTAGCTTGTTTGGGACCTACA,20082-20105,TGTAGGTCCCAAACAAGCTAGTCT,
21R,GACATATTCAAAAGTGCAATTATT,22052-22075,AATAATTGCACTTTTGAATATGTC,
22R,TCCTTCAAGGTCCATAAGAAAAGG,22082-22105,CCTTTTCTTATGGACCTTGAAGGA,
23R,CCATATTGTTTGATGAAGCCAGCA,24052-24075,TGCTGGCTTCATCAAACAATATGG,
24R,TCTCTAGCAGCAATATCACCAAGG,24082-24105,CCTTGGTGATATTGCTGCTAGAGA,24091
25R,ACATGTTCAACACCAGTGTCTGTA,26052-26075,TACAGACACTGGTGTTGAACATGT,26060
26R,TCAACAATTTTATTGTAGATGAAG,26082-26105,CTTCATCTACAATAAAATTGTTGA,
27R,CACAATTCAATTAAAGGTGCTGAT,28052-28075,ATCAGCACCTTTAATTGAATTGTG,
28R,ATGGGTGATTTAGAACCAGCCTCA,28082-28105,TGAGGCTGGTTCTAAATCACCCAT,
29R,CACATTAGGGCTCTTCCATATAGG,29787-29810,CCTATATGGAAGAGCCCTAATGTG,
30R,ATGGGGATAGCACTACTAAAATTA,29817-29840,TAATTTTAGTAGTGCTATCCCCAT,29841
,,,,
,,,,
,,,,
,,,,
,,,,
,,,,
,,,,
27F,CATTACTTCAGGTGATGGCACAAC,25896-25919,,
SARS-CoV-2,AACCTCATCAGGAGATGCCACAAC,15477-15500,,"15489, 15494"